"RK",TIERS,"PLAYER NAME",TEAM,"POS","BYE WEEK","SOS SEASON"
"1",1,"Ja'Marr Chase",CIN,"WR1","10","3 out of 5 stars"
"2",1,"Bijan Robinson",ATL,"RB1","5","4 out of 5 stars"
"3",1,"Jahmyr Gibbs",DET,"RB2","8","2 out of 5 stars"
"4",1,"Justin Jefferson",MIN,"WR2","6","2 out of 5 stars"
"5",1,"Saquon Barkley",PHI,"RB3","9","3 out of 5 stars"
"6",1,"CeeDee Lamb",DAL,"WR3","10","2 out of 5 stars"
"7",2,"Puka Nacua",LAR,"WR4","8","3 out of 5 stars"
"8",2,"Malik Nabers",NYG,"WR5","14","2 out of 5 stars"
"9",2,"Nico Collins",HOU,"WR6","6","4 out of 5 stars"
"10",2,"Amon-Ra St. Brown",DET,"WR7","8","3 out of 5 stars"
"11",2,"Christian McCaffrey",SF,"RB4","14","3 out of 5 stars"
"12",2,"Ashton Jeanty",LV,"RB5","8","2 out of 5 stars"
"13",2,"Brian Thomas Jr.",JAC,"WR8","8","4 out of 5 stars"
"14",2,"Derrick Henry",BAL,"RB6","7","4 out of 5 stars"
"15",2,"De'Von Achane",MIA,"RB7","12","4 out of 5 stars"
"16",3,"Drake London",ATL,"WR9","5","3 out of 5 stars"
"17",3,"Brock Bowers",LV,"TE1","8","2 out of 5 stars"
"18",3,"A.J. Brown",PHI,"WR10","9","3 out of 5 stars"
"19",3,"Jonathan Taylor",IND,"RB8","11","2 out of 5 stars"
"20",3,"Josh Jacobs",GB,"RB9","5","4 out of 5 stars"
"21",3,"Bucky Irving",TB,"RB10","9","3 out of 5 stars"
"22",3,"Trey McBride",ARI,"TE2","8","5 out of 5 stars"
"23",3,"Ladd McConkey",LAC,"WR11","12","3 out of 5 stars"
"24",3,"Chase Brown",CIN,"RB11","10","4 out of 5 stars"
"25",3,"Kyren Williams",LAR,"RB12","8","3 out of 5 stars"
"26",3,"Josh Allen",BUF,"QB1","7","4 out of 5 stars"
"27",4,"Lamar Jackson",BAL,"QB2","7","3 out of 5 stars"
"28",4,"Jaxon Smith-Njigba",SEA,"WR12","8","3 out of 5 stars"
"29",4,"Tee Higgins",CIN,"WR13","10","3 out of 5 stars"
"30",4,"Tyreek Hill",MIA,"WR14","12","3 out of 5 stars"
"31",4,"Garrett Wilson",NYJ,"WR15","9","4 out of 5 stars"
"32",4,"George Kittle",SF,"TE3","14","3 out of 5 stars"
"33",4,"Davante Adams",LAR,"WR16","8","3 out of 5 stars"
"34",4,"Jayden Daniels",WAS,"QB3","12","2 out of 5 stars"
"35",4,"Mike Evans",TB,"WR17","9","3 out of 5 stars"
"36",4,"Breece Hall",NYJ,"RB13","9","5 out of 5 stars"
"37",4,"Jalen Hurts",PHI,"QB4","9","3 out of 5 stars"
"38",4,"James Cook",BUF,"RB14","7","4 out of 5 stars"
"39",4,"Kenneth Walker III",SEA,"RB15","8","3 out of 5 stars"
"40",4,"Marvin Harrison Jr.",ARI,"WR18","8","4 out of 5 stars"
"41",4,"Terry McLaurin",WAS,"WR19","12","3 out of 5 stars"
"42",4,"Alvin Kamara",NO,"RB16","11","4 out of 5 stars"
"43",4,"Omarion Hampton",LAC,"RB17","12","2 out of 5 stars"
"44",5,"DJ Moore",CHI,"WR20","5","2 out of 5 stars"
"45",5,"Chuba Hubbard",CAR,"RB18","14","3 out of 5 stars"
"46",5,"Joe Burrow",CIN,"QB5","10","2 out of 5 stars"
"47",5,"DK Metcalf",PIT,"WR21","5","4 out of 5 stars"
"48",5,"James Conner",ARI,"RB19","8","3 out of 5 stars"
"49",5,"Courtland Sutton",DEN,"WR22","12","3 out of 5 stars"
"50",5,"DeVonta Smith",PHI,"WR23","9","3 out of 5 stars"
"51",5,"Zay Flowers",BAL,"WR24","7","3 out of 5 stars"
"52",5,"Jameson Williams",DET,"WR25","8","3 out of 5 stars"
"53",5,"David Montgomery",DET,"RB20","8","2 out of 5 stars"
"54",5,"Rashee Rice",KC,"WR26","10","3 out of 5 stars"
"55",5,"Xavier Worthy",KC,"WR27","10","3 out of 5 stars"
"56",5,"Jaylen Waddle",MIA,"WR28","12","3 out of 5 stars"
"57",5,"D'Andre Swift",CHI,"RB21","5","3 out of 5 stars"
"58",5,"Tetairoa McMillan",CAR,"WR29","14","4 out of 5 stars"
"59",5,"Sam LaPorta",DET,"TE4","8","3 out of 5 stars"
"60",5,"TreVeyon Henderson",NE,"RB22","14","4 out of 5 stars"
"61",5,"George Pickens",DAL,"WR30","10","2 out of 5 stars"
"62",5,"Calvin Ridley",TEN,"WR31","10","4 out of 5 stars"
"63",6,"Patrick Mahomes II",KC,"QB6","10","3 out of 5 stars"
"64",6,"Aaron Jones Sr.",MIN,"RB23","6","3 out of 5 stars"
"65",6,"Isiah Pacheco",KC,"RB24","10","2 out of 5 stars"
"66",6,"RJ Harvey",DEN,"RB25","12","2 out of 5 stars"
"67",6,"Tony Pollard",TEN,"RB26","10","2 out of 5 stars"
"68",6,"Chris Olave",NO,"WR32","11","4 out of 5 stars"
"69",6,"T.J. Hockenson",MIN,"TE5","6","3 out of 5 stars"
"70",6,"Travis Hunter",JAC,"WR33","8","4 out of 5 stars"
"71",6,"Kaleb Johnson",PIT,"RB27","5","4 out of 5 stars"
"72",6,"Joe Mixon",HOU,"RB28","6","2 out of 5 stars"
"73",6,"Baker Mayfield",TB,"QB7","9","2 out of 5 stars"
"74",6,"Jerry Jeudy",CLE,"WR34","9","2 out of 5 stars"
"75",6,"Brian Robinson Jr.",WAS,"RB29","12","2 out of 5 stars"
"76",6,"Bo Nix",DEN,"QB8","12","4 out of 5 stars"
"77",6,"Rome Odunze",CHI,"WR35","5","2 out of 5 stars"
"78",6,"Kyler Murray",ARI,"QB9","8","4 out of 5 stars"
"79",6,"Travis Kelce",KC,"TE6","10","3 out of 5 stars"
"80",6,"Mark Andrews",BAL,"TE7","7","3 out of 5 stars"
"81",6,"Tyrone Tracy Jr.",NYG,"RB30","14","3 out of 5 stars"
"82",6,"Jakobi Meyers",LV,"WR36","8","4 out of 5 stars"
"83",6,"Stefon Diggs",NE,"WR37","14","3 out of 5 stars"
"84",6,"Chris Godwin",TB,"WR38","9","3 out of 5 stars"
"85",7,"Jaylen Warren",PIT,"RB31","5","4 out of 5 stars"
"86",7,"Evan Engram",DEN,"TE8","12","3 out of 5 stars"
"87",7,"Jordan Addison",MIN,"WR39","6","2 out of 5 stars"
"88",7,"Justin Fields",NYJ,"QB10","9","5 out of 5 stars"
"89",7,"David Njoku",CLE,"TE9","9","3 out of 5 stars"
"90",7,"Dak Prescott",DAL,"QB11","10","2 out of 5 stars"
"91",7,"Brock Purdy",SF,"QB12","14","4 out of 5 stars"
"92",7,"Jauan Jennings",SF,"WR40","14","4 out of 5 stars"
"93",7,"Jayden Reed",GB,"WR41","5","2 out of 5 stars"
"94",7,"Ricky Pearsall",SF,"WR42","14","4 out of 5 stars"
"95",7,"Travis Etienne Jr.",JAC,"RB32","8","2 out of 5 stars"
"96",7,"Justin Herbert",LAC,"QB13","12","3 out of 5 stars"
"97",7,"Deebo Samuel Sr.",WAS,"WR43","12","3 out of 5 stars"
"98",7,"Khalil Shakir",BUF,"WR44","7","3 out of 5 stars"
"99",7,"Caleb Williams",CHI,"QB14","5","2 out of 5 stars"
"100",7,"Jordan Mason",MIN,"RB33","6","3 out of 5 stars"
"101",7,"Tucker Kraft",GB,"TE10","5","2 out of 5 stars"
"102",7,"Josh Downs",IND,"WR45","11","4 out of 5 stars"
"103",7,"Javonte Williams",DAL,"RB34","10","2 out of 5 stars"
"104",7,"Jared Goff",DET,"QB15","8","2 out of 5 stars"
"105",7,"Drake Maye",NE,"QB16","14","5 out of 5 stars"
"106",7,"Rhamondre Stevenson",NE,"RB35","14","4 out of 5 stars"
"107",7,"Jordan Love",GB,"QB17","5","2 out of 5 stars"
"108",7,"Zach Charbonnet",SEA,"RB36","8","3 out of 5 stars"
"109",7,"Michael Pittman Jr.",IND,"WR46","11","4 out of 5 stars"
"110",7,"Cooper Kupp",SEA,"WR47","8","3 out of 5 stars"
"111",7,"Tyjae Spears",TEN,"RB37","10","2 out of 5 stars"
"112",7,"Tank Bigsby",JAC,"RB38","8","2 out of 5 stars"
"113",7,"Najee Harris",LAC,"RB39","12","2 out of 5 stars"
"114",7,"J.K. Dobbins",DEN,"RB40","12","2 out of 5 stars"
"115",7,"Emeka Egbuka",TB,"WR48","9","3 out of 5 stars"
"116",7,"Cam Skattebo",NYG,"RB41","14","3 out of 5 stars"
"117",8,"Jake Ferguson",DAL,"TE11","10","2 out of 5 stars"
"118",8,"Trevor Lawrence",JAC,"QB18","8","3 out of 5 stars"
"119",8,"Dalton Kincaid",BUF,"TE12","7","3 out of 5 stars"
"120",8,"Tyler Warren",IND,"TE13","11","3 out of 5 stars"
"121",8,"Rachaad White",TB,"RB42","9","3 out of 5 stars"
"122",8,"Darnell Mooney",ATL,"WR49","5","3 out of 5 stars"
"123",8,"C.J. Stroud",HOU,"QB19","6","3 out of 5 stars"
"124",8,"Brandon Aiyuk",SF,"WR50","14","4 out of 5 stars"
"125",8,"Dallas Goedert",PHI,"TE14","9","3 out of 5 stars"
"126",8,"Quinshon Judkins",CLE,"RB43","9","4 out of 5 stars"
"127",8,"Keon Coleman",BUF,"WR51","7","3 out of 5 stars"
"128",8,"Rashid Shaheed",NO,"WR52","11","4 out of 5 stars"
"129",8,"J.J. McCarthy",MIN,"QB20","6","2 out of 5 stars"
"130",8,"Austin Ekeler",WAS,"RB44","12","2 out of 5 stars"
"131",8,"Christian Kirk",HOU,"WR53","6","4 out of 5 stars"
"132",8,"Colston Loveland",CHI,"TE15","5","4 out of 5 stars"
"133",8,"Matthew Golden",GB,"WR54","5","2 out of 5 stars"
"134",8,"Tua Tagovailoa",MIA,"QB21","12","5 out of 5 stars"
"135",8,"Jerome Ford",CLE,"RB45","9","4 out of 5 stars"
"136",8,"Ray Davis",BUF,"RB46","7","4 out of 5 stars"
"137",8,"Kyle Pitts Sr.",ATL,"TE16","5","3 out of 5 stars"
"138",8,"Tyler Allgeier",ATL,"RB47","5","4 out of 5 stars"
"139",8,"Rashod Bateman",BAL,"WR55","7","3 out of 5 stars"
"140",8,"Luther Burden III",CHI,"WR56","5","2 out of 5 stars"
"141",8,"Jaydon Blue",DAL,"RB48","10","2 out of 5 stars"
"142",8,"Hunter Henry",NE,"TE17","14","3 out of 5 stars"
"143",8,"Trey Benson",ARI,"RB49","8","3 out of 5 stars"
"144",8,"Matthew Stafford",LAR,"QB22","8","3 out of 5 stars"
"145",8,"Cedric Tillman",CLE,"WR57","9","2 out of 5 stars"
"146",8,"Jonnu Smith",PIT,"TE18","5","3 out of 5 stars"
"147",8,"Bryce Young",CAR,"QB23","14","3 out of 5 stars"
"148",8,"Isaac Guerendo",SF,"RB50","14","3 out of 5 stars"
"149",8,"Michael Penix Jr.",ATL,"QB24","5","4 out of 5 stars"
"150",8,"Braelon Allen",NYJ,"RB51","9","5 out of 5 stars"
"151",8,"Marvin Mims Jr.",DEN,"WR58","12","3 out of 5 stars"
"152",9,"Zach Ertz",WAS,"TE19","12","3 out of 5 stars"
"153",9,"Tre' Harris",LAC,"WR59","12","3 out of 5 stars"
"154",9,"Marquise Brown",KC,"WR60","10","3 out of 5 stars"
"155",9,"Romeo Doubs",GB,"WR61","5","2 out of 5 stars"
"156",9,"Nick Chubb",HOU,"RB52","6","2 out of 5 stars"
"157",9,"Adam Thielen",CAR,"WR62","14","4 out of 5 stars"
"158",9,"Rico Dowdle",CAR,"RB53","14","3 out of 5 stars"
"159",9,"Dylan Sampson",CLE,"RB54","9","4 out of 5 stars"
"160",9,"Jaylen Wright",MIA,"RB55","12","4 out of 5 stars"
"161",9,"Kyle Williams",NE,"WR63","14","3 out of 5 stars"
"162",9,"Geno Smith",LV,"QB25","8","3 out of 5 stars"
"163",9,"Bhayshul Tuten",JAC,"RB56","8","2 out of 5 stars"
"164",9,"Jayden Higgins",HOU,"WR64","6","4 out of 5 stars"
"165",9,"Roschon Johnson",CHI,"RB57","5","3 out of 5 stars"
"166",9,"DeMario Douglas",NE,"WR65","14","3 out of 5 stars"
"167",9,"Quentin Johnston",LAC,"WR66","12","3 out of 5 stars"
"168",9,"Jalen McMillan",TB,"WR67","9","3 out of 5 stars"
"169",9,"Xavier Legette",CAR,"WR68","14","4 out of 5 stars"
"170",9,"Wan'Dale Robinson",NYG,"WR69","14","2 out of 5 stars"
"171",9,"Isaiah Likely",BAL,"TE20","7","3 out of 5 stars"
"172",9,"Sam Darnold",SEA,"QB26","8","4 out of 5 stars"
"173",9,"Cameron Ward",TEN,"QB27","10","2 out of 5 stars"
"174",9,"Denver Broncos",DEN,"DST1","12","4 out of 5 stars"
"175",9,"Brenton Strange",JAC,"TE21","8","3 out of 5 stars"
"176",9,"Blake Corum",LAR,"RB58","8","3 out of 5 stars"
"177",9,"Joshua Palmer",BUF,"WR70","7","3 out of 5 stars"
"178",9,"Philadelphia Eagles",PHI,"DST2","9","2 out of 5 stars"
"179",9,"DeAndre Hopkins",BAL,"WR71","7","3 out of 5 stars"
"180",9,"MarShawn Lloyd",GB,"RB59","5","4 out of 5 stars"
"181",9,"Pittsburgh Steelers",PIT,"DST3","5","3 out of 5 stars"
"182",9,"Chig Okonkwo",TEN,"TE22","10","3 out of 5 stars"
"183",9,"Minnesota Vikings",MIN,"DST4","6","2 out of 5 stars"
"184",9,"Pat Freiermuth",PIT,"TE23","5","3 out of 5 stars"
"185",9,"Baltimore Ravens",BAL,"DST5","7","3 out of 5 stars"
"186",9,"Cade Otton",TB,"TE24","9","3 out of 5 stars"
"187",10,"Mason Taylor",NYJ,"TE25","9","3 out of 5 stars"
"188",10,"Jack Bech",LV,"WR72","8","4 out of 5 stars"
"189",10,"Mike Gesicki",CIN,"TE26","10","2 out of 5 stars"
"190",10,"Alec Pierce",IND,"WR73","11","4 out of 5 stars"
"191",10,"Aaron Rodgers",PIT,"QB28","5","4 out of 5 stars"
"192",10,"Jalen Coker",CAR,"WR74","14","4 out of 5 stars"
"193",10,"Houston Texans",HOU,"DST6","6","2 out of 5 stars"
"194",10,"Kansas City Chiefs",KC,"DST7","10","1 out of 5 stars"
"195",10,"Detroit Lions",DET,"DST8","8","1 out of 5 stars"
"196",10,"Darius Slayton",NYG,"WR75","14","2 out of 5 stars"
"197",10,"Dalton Schultz",HOU,"TE27","6","3 out of 5 stars"
"198",10,"Keenan Allen",LAC,"WR76","12","3 out of 5 stars"
"199",10,"Buffalo Bills",BUF,"DST9","7","5 out of 5 stars"
"200",10,"Brandon Aubrey",DAL,"K1","10","4 out of 5 stars"
"201",10,"Michael Wilson",ARI,"WR77","8","4 out of 5 stars"
"202",10,"Jake Bates",DET,"K2","8","1 out of 5 stars"
"203",10,"Dontayvion Wicks",GB,"WR78","5","2 out of 5 stars"
"204",10,"Kareem Hunt",KC,"RB60","10","2 out of 5 stars"
"205",10,"Anthony Richardson Sr.",IND,"QB29","11","3 out of 5 stars"
"206",10,"Cameron Dicker",LAC,"K3","12","5 out of 5 stars"
"207",10,"Justice Hill",BAL,"RB61","7","4 out of 5 stars"
"208",10,"Miles Sanders",DAL,"RB62","10","2 out of 5 stars"
"209",10,"Wil Lutz",DEN,"K4","12","5 out of 5 stars"
"210",10,"Kendre Miller",NO,"RB63","11","4 out of 5 stars"
"211",10,"Kyle Monangai",CHI,"RB64","5","3 out of 5 stars"
"212",10,"Seattle Seahawks",SEA,"DST10","8","3 out of 5 stars"
"213",10,"Chris Boswell",PIT,"K5","5","1 out of 5 stars"
"214",10,"Los Angeles Rams",LAR,"DST11","8","3 out of 5 stars"
"215",10,"Los Angeles Chargers",LAC,"DST12","12","5 out of 5 stars"
"216",10,"Adonai Mitchell",IND,"WR79","11","4 out of 5 stars"
"217",10,"Green Bay Packers",GB,"DST13","5","2 out of 5 stars"
"218",10,"Jaylin Noel",HOU,"WR80","6","4 out of 5 stars"
"219",10,"Chase McLaughlin",TB,"K6","9","3 out of 5 stars"
"220",10,"Calvin Austin III",PIT,"WR81","5","4 out of 5 stars"
"221",10,"Ka'imi Fairbairn",HOU,"K7","6","3 out of 5 stars"
"222",10,"DJ Giddens",IND,"RB65","11","2 out of 5 stars"
"223",10,"New York Jets",NYJ,"DST14","9","5 out of 5 stars"
"224",10,"Devin Neal",NO,"RB66","11","4 out of 5 stars"
"225",10,"Andrei Iosivas",CIN,"WR82","10","3 out of 5 stars"
"226",10,"Harrison Butker",KC,"K8","10","3 out of 5 stars"
"227",10,"Woody Marks",HOU,"RB67","6","2 out of 5 stars"
"228",10,"Will Shipley",PHI,"RB68","9","3 out of 5 stars"
"229",10,"Ja'Tavion Sanders",CAR,"TE28","14","4 out of 5 stars"
"230",10,"Evan McPherson",CIN,"K9","10","1 out of 5 stars"
"231",10,"Russell Wilson",NYG,"QB30","14","1 out of 5 stars"
"232",10,"Juwan Johnson",NO,"TE29","11","3 out of 5 stars"
"233",10,"Tyler Bass",BUF,"K10","7","2 out of 5 stars"
"234",10,"Elic Ayomanor",TEN,"WR83","10","4 out of 5 stars"
"235",10,"Tyler Lockett",TEN,"WR84","10","4 out of 5 stars"
"236",10,"Pat Bryant",DEN,"WR85","12","3 out of 5 stars"
"237",10,"Jaleel McLaughlin",DEN,"RB69","12","2 out of 5 stars"
"238",10,"Elijah Arroyo",SEA,"TE30","8","4 out of 5 stars"
"239",10,"Jake Elliott",PHI,"K11","9","2 out of 5 stars"
"240",10,"San Francisco 49ers",SF,"DST15","14","5 out of 5 stars"
"241",10,"Jarquez Hunter",LAR,"RB70","8","3 out of 5 stars"
"242",10,"Keaton Mitchell",BAL,"RB71","7","4 out of 5 stars"
"243",10,"Devaughn Vele",DEN,"WR86","12","3 out of 5 stars"
"244",11,"Tahj Brooks",CIN,"RB72","10","4 out of 5 stars"
"245",11,"Jason Sanders",MIA,"K12","12","2 out of 5 stars"
"246",11,"Cole Kmet",CHI,"TE31","5","4 out of 5 stars"
"247",11,"Younghoe Koo",ATL,"K13","5","4 out of 5 stars"
"248",11,"Raheem Mostert",LV,"RB73","8","2 out of 5 stars"
"249",11,"Dallas Cowboys",DAL,"DST16","10","0 out of 5 stars"
"250",11,"Jalen Royals",KC,"WR87","10","3 out of 5 stars"
"251",11,"Elijah Mitchell",KC,"RB74","10","2 out of 5 stars"
"252",11,"Audric Estime",DEN,"RB75","12","2 out of 5 stars"
"253",11,"Brashard Smith",KC,"RB76","10","2 out of 5 stars"
"254",11,"Diontae Johnson",CLE,"WR88","9","2 out of 5 stars"
"255",11,"Jalen Tolbert",DAL,"WR89","10","2 out of 5 stars"
"256",11,"Trevor Etienne",CAR,"RB77","14","3 out of 5 stars"
"257",11,"Tampa Bay Buccaneers",TB,"DST17","9","3 out of 5 stars"
"258",11,"Roman Wilson",PIT,"WR90","5","4 out of 5 stars"
"259",11,"Daniel Jones",IND,"QB31","11","3 out of 5 stars"
"260",11,"Ollie Gordon II",MIA,"RB78","12","4 out of 5 stars"
"261",11,"Kenneth Gainwell",PIT,"RB79","5","4 out of 5 stars"
"262",11,"Brandin Cooks",NO,"WR91","11","4 out of 5 stars"
"263",11,"Nick Westbrook-Ikhine",MIA,"WR92","12","3 out of 5 stars"
"264",11,"Devin Singletary",NYG,"RB80","14","3 out of 5 stars"
"265",11,"Elijah Moore",BUF,"WR93","7","3 out of 5 stars"
"266",11,"Antonio Gibson",NE,"RB81","14","4 out of 5 stars"
"267",11,"Joshua Karty",LAR,"K14","8","2 out of 5 stars"
"268",11,"Cleveland Browns",CLE,"DST18","9","3 out of 5 stars"
"269",11,"Sean Tucker",TB,"RB82","9","3 out of 5 stars"
"270",11,"Dyami Brown",JAC,"WR94","8","4 out of 5 stars"
"271",11,"Jordan James",SF,"RB83","14","3 out of 5 stars"
"272",11,"Ty Johnson",BUF,"RB84","7","4 out of 5 stars"
"273",11,"Khalil Herbert",IND,"RB85","11","2 out of 5 stars"
"274",11,"Noah Gray",KC,"TE32","10","3 out of 5 stars"
"275",11,"Kayshon Boutte",NE,"WR95","14","3 out of 5 stars"
"276",11,"Malik Washington",MIA,"WR96","12","3 out of 5 stars"
"277",11,"Matt Gay",WAS,"K15","12","3 out of 5 stars"
"278",11,"Joe Flacco",CLE,"QB32","9","2 out of 5 stars"
"279",11,"Tyler Shough",NO,"QB33","11","5 out of 5 stars"
"280",11,"Jacory Croskey-Merritt",WAS,"RB86","12","2 out of 5 stars"
"281",11,"Tre Tucker",LV,"WR97","8","4 out of 5 stars"
"282",11,"Harold Fannin Jr.",CLE,"TE33","9","3 out of 5 stars"
"283",11,"Dameon Pierce",HOU,"RB87","6","2 out of 5 stars"
"284",11,"Isaiah Davis",NYJ,"RB88","9","5 out of 5 stars"
"285",11,"Chicago Bears",CHI,"DST19","5","2 out of 5 stars"
"286",11,"Alexander Mattison",MIA,"RB89","12","4 out of 5 stars"
"287",11,"Theo Johnson",NYG,"TE34","14","2 out of 5 stars"
"288",11,"Amari Cooper",FA,"WR98","-","-"
"289",11,"Tim Patrick",DET,"WR99","8","3 out of 5 stars"
"290",11,"Sincere McCormick",LV,"RB90","8","2 out of 5 stars"
"291",11,"Terrance Ferguson",LAR,"TE35","8","4 out of 5 stars"
"292",11,"Parker Washington",JAC,"WR100","8","4 out of 5 stars"
"293",11,"Taysom Hill",NO,"TE36","11","3 out of 5 stars"
"294",11,"Darren Waller",MIA,"TE37","12","3 out of 5 stars"
"295",11,"Jaxson Dart",NYG,"QB34","14","1 out of 5 stars"
"296",11,"Jalen Nailor",MIN,"WR101","6","2 out of 5 stars"
"297",11,"Kimani Vidal",LAC,"RB91","12","2 out of 5 stars"
"298",11,"Tory Horton",SEA,"WR102","8","3 out of 5 stars"
"299",11,"Luke McCaffrey",WAS,"WR103","12","3 out of 5 stars"
"300",12,"Damien Martinez",SEA,"RB92","8","3 out of 5 stars"
"301",12,"Xavier Restrepo",TEN,"WR104","10","4 out of 5 stars"
"302",12,"Noah Fant",CIN,"TE38","10","2 out of 5 stars"
"303",12,"Daniel Carlson",LV,"K16","8","3 out of 5 stars"
"304",12,"Ty Chandler",MIN,"RB93","6","3 out of 5 stars"
"305",12,"Christian Watson",GB,"WR105","5","2 out of 5 stars"
"306",12,"Dont'e Thornton Jr.",LV,"WR106","8","4 out of 5 stars"
"307",12,"Chris Brooks",GB,"RB94","5","4 out of 5 stars"
"308",12,"Chris Rodriguez Jr.",WAS,"RB95","12","2 out of 5 stars"
"309",12,"Isaac TeSlaa",DET,"WR107","8","3 out of 5 stars"
"310",12,"Oronde Gadsden II",LAC,"TE39","12","3 out of 5 stars"
"311",12,"Emanuel Wilson",GB,"RB96","5","4 out of 5 stars"
"312",12,"Jermaine Burton",CIN,"WR108","10","3 out of 5 stars"
"313",12,"Zack Moss",FA,"RB97","-","-"
"314",12,"Jason Myers",SEA,"K17","8","5 out of 5 stars"
"315",12,"Shedeur Sanders",CLE,"QB35","9","2 out of 5 stars"
"316",12,"Ben Sinnott",WAS,"TE40","12","3 out of 5 stars"
"317",12,"Phil Mafah",DAL,"RB98","10","2 out of 5 stars"
"318",12,"Tyler Higbee",LAR,"TE41","8","4 out of 5 stars"
"319",12,"Raheim Sanders",LAC,"RB99","12","2 out of 5 stars"
"320",12,"Tez Johnson",TB,"WR109","9","3 out of 5 stars"
"321",12,"Gabe Davis",FA,"WR110","-","-"
"322",12,"New England Patriots",NE,"DST20","14","4 out of 5 stars"
"323",12,"Zamir White",LV,"RB100","8","2 out of 5 stars"
"324",12,"Miami Dolphins",MIA,"DST21","12","2 out of 5 stars"
"325",12,"Will Dissly",LAC,"TE42","12","3 out of 5 stars"
"326",12,"Will Reichard",MIN,"K18","6","0 out of 5 stars"
"327",12,"Tyler Conklin",LAC,"TE43","12","3 out of 5 stars"
"328",12,"Tutu Atwell",LAR,"WR111","8","3 out of 5 stars"
"329",12,"Arizona Cardinals",ARI,"DST22","8","4 out of 5 stars"
"330",12,"Tyler Loop",BAL,"K19","7","2 out of 5 stars"
"331",12,"A.J. Dillon",PHI,"RB101","9","3 out of 5 stars"
"332",12,"Cam Akers",NO,"RB102","11","4 out of 5 stars"
"333",12,"Ray-Ray McCloud III",ATL,"WR112","5","3 out of 5 stars"
"334",12,"Gus Edwards",FA,"RB103","-","-"
"335",12,"Demarcus Robinson",SF,"WR113","14","4 out of 5 stars"
"336",12,"Justin Tucker",FA,"K20","-","-"
"337",12,"John Metchie III",HOU,"WR114","6","4 out of 5 stars"
"338",12,"Jordan Whittington",LAR,"WR115","8","3 out of 5 stars"
"339",12,"Samaje Perine",CIN,"RB104","10","4 out of 5 stars"
"340",12,"Jalen Milroe",SEA,"QB36","8","4 out of 5 stars"
"341",12,"Dawson Knox",BUF,"TE44","7","3 out of 5 stars"
"342",12,"Noah Brown",WAS,"WR116","12","3 out of 5 stars"
"343",12,"Marquez Valdes-Scantling",SEA,"WR117","8","3 out of 5 stars"
"344",12,"Tai Felton",MIN,"WR118","6","2 out of 5 stars"
"345",12,"Michael Mayer",LV,"TE45","8","2 out of 5 stars"
"346",12,"AJ Barner",SEA,"TE46","8","4 out of 5 stars"
"347",13,"KaVontae Turpin",DAL,"WR119","10","2 out of 5 stars"
"348",13,"Spencer Rattler",NO,"QB37","11","5 out of 5 stars"
"349",13,"Josh Reynolds",NYJ,"WR120","9","4 out of 5 stars"
"350",13,"Luke Musgrave",GB,"TE47","5","2 out of 5 stars"
"351",13,"Jameis Winston",NYG,"QB38","14","1 out of 5 stars"
"352",13,"Troy Franklin",DEN,"WR121","12","3 out of 5 stars"
"353",13,"Kirk Cousins",ATL,"QB39","5","4 out of 5 stars"
"354",13,"Savion Williams",GB,"WR122","5","2 out of 5 stars"
"355",13,"New York Giants",NYG,"DST23","14","1 out of 5 stars"
"356",13,"Jake Moody",SF,"K21","14","5 out of 5 stars"
"357",13,"LeQuint Allen Jr.",JAC,"RB105","8","2 out of 5 stars"
"358",13,"Austin Hooper",NE,"TE48","14","3 out of 5 stars"
"359",13,"Donovan Edwards",NYJ,"RB106","9","5 out of 5 stars"
"360",13,"Mack Hollins",NE,"WR123","14","3 out of 5 stars"
"361",13,"Curtis Samuel",BUF,"WR124","7","3 out of 5 stars"
"362",13,"Jaylin Lane",WAS,"WR125","12","3 out of 5 stars"
"363",13,"Isaiah Bond",FA,"WR126","-","-"
"364",13,"Chimere Dike",TEN,"WR127","10","4 out of 5 stars"
"365",13,"Brandon McManus",GB,"K22","5","3 out of 5 stars"
"366",13,"Eddy Pineiro",FA,"K23","-","-"
"367",13,"Gunnar Helm",TEN,"TE49","10","3 out of 5 stars"
"368",13,"Dillon Gabriel",CLE,"QB40","9","2 out of 5 stars"
"369",13,"Luke Schoonmaker",DAL,"TE50","10","2 out of 5 stars"
"370",13,"Tank Dell",HOU,"WR128","6","4 out of 5 stars"
"371",13,"Washington Commanders",WAS,"DST24","12","4 out of 5 stars"
"372",13,"Emari Demercado",ARI,"RB107","8","3 out of 5 stars"
"373",13,"Matt Prater",FA,"K24","-","-"
"374",13,"Cam Little",JAC,"K25","8","5 out of 5 stars"
"375",13,"Greg Dortch",ARI,"WR129","8","4 out of 5 stars"
"376",13,"KeAndre Lambert-Smith",LAC,"WR130","12","3 out of 5 stars"
"377",13,"Kenny Pickett",CLE,"QB41","9","2 out of 5 stars"
"378",13,"Tommy Tremble",CAR,"TE51","14","4 out of 5 stars"
"379",13,"Jacob Cowing",SF,"WR131","14","4 out of 5 stars"
"380",13,"Allen Lazard",NYJ,"WR132","9","4 out of 5 stars"
"381",13,"Robert Woods",PIT,"WR133","5","4 out of 5 stars"
"382",13,"Foster Moreau",NO,"TE52","11","3 out of 5 stars"
"383",13,"Trey Sermon",PIT,"RB108","5","4 out of 5 stars"
"384",13,"Van Jefferson",TEN,"WR134","10","4 out of 5 stars"
"385",13,"Craig Reynolds",DET,"RB109","8","2 out of 5 stars"
"386",13,"Theo Wease Jr.",MIA,"WR135","12","3 out of 5 stars"
"387",13,"Olamide Zaccheaus",CHI,"WR136","5","2 out of 5 stars"
"388",13,"Kalel Mullings",TEN,"RB110","10","2 out of 5 stars"
"389",13,"Tyrod Taylor",NYJ,"QB42","9","5 out of 5 stars"
"390",13,"Grant Calcaterra",PHI,"TE53","9","3 out of 5 stars"
"391",13,"Indianapolis Colts",IND,"DST25","11","4 out of 5 stars"
"392",13,"Antwane Wells Jr.",NYG,"WR137","14","2 out of 5 stars"
"393",13,"Jahan Dotson",PHI,"WR138","9","3 out of 5 stars"
"394",13,"Jeremy Ruckert",NYJ,"TE54","9","3 out of 5 stars"
"395",13,"Ja'Quinden Jackson",JAC,"RB111","8","2 out of 5 stars"
"396",13,"Hunter Renfrow",CAR,"WR139","14","4 out of 5 stars"
"397",13,"Atlanta Falcons",ATL,"DST26","5","3 out of 5 stars"
"398",13,"Jalin Hyatt",NYG,"WR140","14","2 out of 5 stars"
"399",13,"Cade Stover",HOU,"TE55","6","3 out of 5 stars"
"400",13,"Ja'Lynn Polk",NE,"WR141","14","3 out of 5 stars"
"401",13,"Kendrick Bourne",NE,"WR142","14","3 out of 5 stars"
"402",13,"Malachi Corley",NYJ,"WR143","9","4 out of 5 stars"
"403",13,"Jonathan Mingo",DAL,"WR144","10","2 out of 5 stars"
"404",13,"Mason Rudolph",PIT,"QB43","5","4 out of 5 stars"
"405",13,"Ameer Abdullah",SF,"RB112","14","3 out of 5 stars"
"406",13,"Elijah Higgins",ARI,"TE56","8","5 out of 5 stars"
"407",13,"Zay Jones",ARI,"WR145","8","4 out of 5 stars"
"408",13,"JuJu Smith-Schuster",KC,"WR146","10","3 out of 5 stars"
"409",13,"Cincinnati Bengals",CIN,"DST27","10","2 out of 5 stars"
"410",13,"Josh Oliver",MIN,"TE57","6","3 out of 5 stars"
"411",13,"Jeremy McNichols",WAS,"RB113","12","2 out of 5 stars"
"412",13,"Blake Grupe",NO,"K26","11","5 out of 5 stars"
"413",13,"Stone Smartt",NYJ,"TE58","9","3 out of 5 stars"
"414",14,"Mitchell Evans",CAR,"TE59","14","4 out of 5 stars"
"415",14,"Greg Dulcich",NYG,"TE60","14","2 out of 5 stars"
"416",14,"KhaDarel Hodge",ATL,"WR147","5","3 out of 5 stars"
"417",14,"Arian Smith",NYJ,"WR148","9","4 out of 5 stars"
"418",14,"Kyle Juszczyk",SF,"RB114","14","3 out of 5 stars"
"419",14,"Clyde Edwards-Helaire",NO,"RB115","11","4 out of 5 stars"
"420",14,"Marcus Mariota",WAS,"QB44","12","2 out of 5 stars"
"421",14,"Julian Hill",MIA,"TE61","12","3 out of 5 stars"
"422",14,"Malik Willis",GB,"QB45","5","2 out of 5 stars"
"423",14,"Chad Ryland",ARI,"K27","8","3 out of 5 stars"
"424",14,"Cairo Santos",CHI,"K28","5","1 out of 5 stars"
"425",14,"Graham Gano",NYG,"K29","14","0 out of 5 stars"
"426",14,"Jacksonville Jaguars",JAC,"DST28","8","4 out of 5 stars"
"427",14,"Aidan O'Connell",LV,"QB46","8","3 out of 5 stars"
"428",14,"New Orleans Saints",NO,"DST29","11","4 out of 5 stars"
"429",14,"D'Ernest Johnson",BAL,"RB116","7","4 out of 5 stars"
"430",14,"Tennessee Titans",TEN,"DST30","10","5 out of 5 stars"
"431",14,"Carolina Panthers",CAR,"DST31","14","3 out of 5 stars"
"432",14,"Joe Milton III",DAL,"QB47","10","2 out of 5 stars"
"433",14,"Las Vegas Raiders",LV,"DST32","8","4 out of 5 stars"
"434",14,"Jonathon Brooks",CAR,"RB117","14","3 out of 5 stars"
"435",14,"Deshaun Watson",CLE,"QB48","9","2 out of 5 stars"
"436",14,"Josh Whyle",TEN,"TE62","10","3 out of 5 stars"
"437",14,"Darnell Washington",PIT,"TE63","5","3 out of 5 stars"
"438",14,"Jimmy Garoppolo",LAR,"QB49","8","3 out of 5 stars"
"439",14,"Kalif Raymond",DET,"WR149","8","3 out of 5 stars"
"440",14,"Sam Howell",MIN,"QB50","6","2 out of 5 stars"
"441",14,"Zach Wilson",MIA,"QB51","12","5 out of 5 stars"
"442",14,"Jake Browning",CIN,"QB52","10","2 out of 5 stars"
"443",14,"Jamari Thrash",CLE,"WR150","9","2 out of 5 stars"
"444",14,"Marcus Yarns",NO,"RB118","11","4 out of 5 stars"
"445",14,"Cooper Rush",BAL,"QB53","7","3 out of 5 stars"
"446",14,"Adam Trautman",DEN,"TE64","12","3 out of 5 stars"
"447",14,"Javon Baker",NE,"WR151","14","3 out of 5 stars"
"448",14,"Alec Ingold",MIA,"RB119","12","4 out of 5 stars"
"449",14,"Pierre Strong Jr.",CLE,"RB120","9","4 out of 5 stars"
"450",14,"Mac Jones",SF,"QB54","14","4 out of 5 stars"
"451",14,"Deuce Vaughn",DAL,"RB121","10","2 out of 5 stars"
"452",14,"Cordarrelle Patterson",FA,"RB122","-","-"
"453",14,"Rondale Moore",MIN,"WR152","6","2 out of 5 stars"
"454",14,"Michael Gallup",WAS,"WR153","12","3 out of 5 stars"
"455",14,"Devontez Walker",BAL,"WR154","7","3 out of 5 stars"
"456",14,"Jordan Watkins",SF,"WR155","14","4 out of 5 stars"
"457",14,"John Bates",WAS,"TE65","12","3 out of 5 stars"
"458",14,"Jake Bobo",SEA,"WR156","8","3 out of 5 stars"
"459",14,"Brevin Jordan",HOU,"TE66","6","3 out of 5 stars"
"460",14,"Michael Carter",ARI,"RB123","8","3 out of 5 stars"
"461",14,"Andy Dalton",CAR,"QB55","14","3 out of 5 stars"
"462",14,"Johnny Mundt",JAC,"TE67","8","3 out of 5 stars"
"463",14,"Patrick Taylor Jr.",SF,"RB124","14","3 out of 5 stars"
"464",14,"Jimmy Horn Jr.",CAR,"WR157","14","4 out of 5 stars"
"465",14,"Nick Folk",NYJ,"K30","9","2 out of 5 stars"
"466",14,"Will Howard",PIT,"QB56","5","4 out of 5 stars"
"467",14,"Joshua Dobbs",NE,"QB57","14","5 out of 5 stars"
"468",14,"David Bell",CLE,"WR158","9","2 out of 5 stars"
"469",14,"K.J. Osborn",WAS,"WR159","12","3 out of 5 stars"
"470",14,"Gardner Minshew II",KC,"QB58","10","3 out of 5 stars"
"471",14,"Kylen Granson",PHI,"TE68","9","3 out of 5 stars"
"472",14,"Chris Tyree",NO,"RB125","11","4 out of 5 stars"
"473",14,"Colby Parkinson",LAR,"TE69","8","4 out of 5 stars"
"474",14,"Derius Davis",LAC,"WR160","12","3 out of 5 stars"
"475",14,"Tyler Goodson",IND,"RB126","11","2 out of 5 stars"
"476",14,"Luke Lachey",HOU,"TE70","6","3 out of 5 stars"
"477",14,"Tyler Badie",DEN,"RB127","12","2 out of 5 stars"
"478",14,"Tanner Hudson",CIN,"TE71","10","2 out of 5 stars"
"479",14,"Ronnie Rivers",LAR,"RB128","8","3 out of 5 stars"
"480",14,"Dare Ogunbowale",HOU,"RB129","6","2 out of 5 stars"
"481",14,"Treylon Burks",TEN,"WR161","10","4 out of 5 stars"
"482",14,"Jake Haener",NO,"QB59","11","5 out of 5 stars"
"483",14,"Taylor Heinicke",LAC,"QB60","12","3 out of 5 stars"
"484",14,"Hendon Hooker",DET,"QB61","8","2 out of 5 stars"
"485",14,"Kyle Trask",TB,"QB62","9","2 out of 5 stars"
"486",14,"Joey Slye",TEN,"K31","10","3 out of 5 stars"
"487",14,"Tyler Johnson",NYJ,"WR162","9","4 out of 5 stars"
"488",14,"Nick Mullens",JAC,"QB63","8","3 out of 5 stars"
"489",14,"Jacoby Brissett",ARI,"QB64","8","4 out of 5 stars"
"490",14,"Kaden Prather",BUF,"WR163","7","3 out of 5 stars"
"491",14,"Harrison Bryant",PHI,"TE72","9","3 out of 5 stars"
"492",14,"Cedrick Wilson Jr.",NO,"WR164","11","4 out of 5 stars"
"493",14,"Mitchell Trubisky",BUF,"QB65","7","4 out of 5 stars"
"494",14,"David Moore",CAR,"WR165","14","4 out of 5 stars"
"495",15,"Julius Chestnut",TEN,"RB130","10","2 out of 5 stars"
"496",15,"Bub Means",NO,"WR166","11","4 out of 5 stars"
"497",15,"Julian Fleming",FA,"WR167","-","-"
"498",15,"Hassan Haskins",LAC,"RB131","12","2 out of 5 stars"
"499",15,"Brock Wright",DET,"TE73","8","3 out of 5 stars"
"500",15,"DeeJay Dallas",ARI,"RB132","8","3 out of 5 stars"
"501",15,"Thomas Fidone II",NYG,"TE74","14","2 out of 5 stars"
"502",15,"DeAndre Carter",CLE,"WR168","9","2 out of 5 stars"
"503",15,"Drew Sample",CIN,"TE75","10","2 out of 5 stars"
"504",15,"Jawhar Jordan",HOU,"RB133","6","2 out of 5 stars"
"505",15,"Charlie Woerner",ATL,"TE76","5","3 out of 5 stars"
"506",15,"Hunter Long",JAC,"TE77","8","3 out of 5 stars"
"507",15,"Payne Durham",TB,"TE78","9","3 out of 5 stars"
"508",15,"Daniel Bellinger",NYG,"TE79","14","2 out of 5 stars"
"509",15,"Ricky White III",SEA,"WR169","8","3 out of 5 stars"
"510",15,"Brevyn Spann-Ford",DAL,"TE80","10","2 out of 5 stars"
"511",15,"DJ Chark Jr.",ATL,"WR170","5","3 out of 5 stars"
"512",15,"Carson Steele",KC,"RB134","10","2 out of 5 stars"
"513",15,"Ian Thomas",LV,"TE81","8","2 out of 5 stars"
"514",15,"Durham Smythe",CHI,"TE82","5","4 out of 5 stars"
"515",15,"Jared Wiley",KC,"TE83","10","3 out of 5 stars"
"516",15,"Michael Burton",DEN,"RB135","12","2 out of 5 stars"
"517",15,"Jelani Woods",IND,"TE84","11","3 out of 5 stars"
"518",15,"Dylan Laube",LV,"RB136","8","2 out of 5 stars"
"519",15,"Johnny Wilson",PHI,"WR171","9","3 out of 5 stars"
"520",15,"Mecole Hardman Jr.",GB,"WR172","5","2 out of 5 stars"
"521",15,"Eric Saubert",SEA,"TE85","8","4 out of 5 stars"
"522",15,"Luke Farrell",SF,"TE86","14","3 out of 5 stars"
"523",15,"Israel Abanikanda",GB,"RB137","5","4 out of 5 stars"
"524",15,"Travis Homer",CHI,"RB138","5","3 out of 5 stars"
"525",15,"C.J. Ham",MIN,"RB139","6","3 out of 5 stars"
"526",15,"Hunter Luepke",DAL,"RB140","10","2 out of 5 stars"
"527",15,"Nick Nash",ATL,"WR173","5","3 out of 5 stars"
"528",15,"Michael Woods II",FA,"WR174","-","-"
"529",15,"Teagan Quitoriano",ATL,"TE87","5","3 out of 5 stars"
"530",15,"Rasheen Ali",BAL,"RB141","7","4 out of 5 stars"
"531",15,"Pharaoh Brown",MIA,"TE88","12","3 out of 5 stars"
"532",15,"Ainias Smith",PHI,"WR175","9","3 out of 5 stars"
"533",15,"Patrick Ricard",BAL,"RB142","7","4 out of 5 stars"
"534",16,"Simi Fehoko",ARI,"WR176","8","4 out of 5 stars"
"535",16,"Sione Vaki",DET,"RB143","8","2 out of 5 stars"
"536",16,"Trent Sherfield Sr.",DEN,"WR177","12","3 out of 5 stars"
"537",16,"Tylan Wallace",BAL,"WR178","7","3 out of 5 stars"
"538",16,"Tim Jones",MIN,"WR179","6","2 out of 5 stars"
"539",16,"Eric Gray",NYG,"RB144","14","3 out of 5 stars"
"540",16,"Tyson Bagent",CHI,"QB66","5","2 out of 5 stars"
"541",16,"Bo Melton",GB,"WR180","5","2 out of 5 stars"
"542",16,"Carlos Washington Jr.",ATL,"RB145","5","4 out of 5 stars"
"543",16,"Troy Hairston II",FA,"RB146","-","-"
"544",16,"Velus Jones Jr.",NO,"WR181","11","4 out of 5 stars"
"545",16,"Frank Gore Jr.",BUF,"RB147","7","4 out of 5 stars"
"546",16,"Jakob Johnson",HOU,"RB148","6","2 out of 5 stars"